#,Time,%Passes,Change,Test,Pass,Partial,Fail,Untested
0,Fri Mar 23 21:59:33 EDT 2018,9,9,Assignment4Suite,ContainsTest2+ EmptyTest2+ SizeTest0+ , ,ContainsTest0- ContainsTest1- EmptyTest0- EmptyTest1- FindMinMaxTest0- FindMinMaxTest1- FindMinMaxTest2- HeightTest- InsertAfterRemoveTest0- InsertAfterRemoveTest1- InsertAfterRemoveTest2- InsertTest0- InsertTest1- InsertTest2- InsertTest3- InsertTest4- InsertTest5- RemoveTest0- RemoveTest1- RemoveTest2- RemoveTest3- RemoveTest4- RemoveTest5- RemoveTest6- RemoveTest7- SizeTest1- SizeTest2- SizeTest3- , ,
1,Fri Mar 23 22:25:19 EDT 2018,25,16,Assignment4Suite,ContainsTest2 EmptyTest0+ FindMinMaxTest0+ FindMinMaxTest2+ InsertTest5+ SizeTest0 SizeTest1+ SizeTest3+ , ,ContainsTest0 ContainsTest1 EmptyTest1 EmptyTest2- FindMinMaxTest1 HeightTest InsertAfterRemoveTest0 InsertAfterRemoveTest1 InsertAfterRemoveTest2 InsertTest0 InsertTest1 InsertTest2 InsertTest3 InsertTest4 RemoveTest0 RemoveTest1 RemoveTest2 RemoveTest3 RemoveTest4 RemoveTest5 RemoveTest6 RemoveTest7 SizeTest2 , ,
2,Sat Mar 24 14:12:50 EDT 2018,19,-6,Assignment4Suite,ContainsTest2 EmptyTest0 FindMinMaxTest0 SizeTest0 SizeTest1 SizeTest3 , ,ContainsTest0 ContainsTest1 EmptyTest1 EmptyTest2 FindMinMaxTest1 FindMinMaxTest2- HeightTest InsertAfterRemoveTest0 InsertAfterRemoveTest1 InsertAfterRemoveTest2 InsertTest0 InsertTest1 InsertTest2 InsertTest3 InsertTest4 InsertTest5- RemoveTest0 RemoveTest1 RemoveTest2 RemoveTest3 RemoveTest4 RemoveTest5 RemoveTest6 RemoveTest7 SizeTest2 , ,
3,Sat Mar 24 14:16:08 EDT 2018,19,0,Assignment4Suite,ContainsTest2 EmptyTest0 FindMinMaxTest0 SizeTest0 SizeTest1 SizeTest3 , ,ContainsTest0 ContainsTest1 EmptyTest1 EmptyTest2 FindMinMaxTest1 FindMinMaxTest2 HeightTest InsertAfterRemoveTest0 InsertAfterRemoveTest1 InsertAfterRemoveTest2 InsertTest0 InsertTest1 InsertTest2 InsertTest3 InsertTest4 InsertTest5 RemoveTest0 RemoveTest1 RemoveTest2 RemoveTest3 RemoveTest4 RemoveTest5 RemoveTest6 RemoveTest7 SizeTest2 , ,
4,Sat Mar 24 14:16:59 EDT 2018,25,6,Assignment4Suite,ContainsTest2 EmptyTest0 FindMinMaxTest0 FindMinMaxTest2+ InsertTest5+ SizeTest0 SizeTest1 SizeTest3 , ,ContainsTest0 ContainsTest1 EmptyTest1 EmptyTest2 FindMinMaxTest1 HeightTest InsertAfterRemoveTest0 InsertAfterRemoveTest1 InsertAfterRemoveTest2 InsertTest0 InsertTest1 InsertTest2 InsertTest3 InsertTest4 RemoveTest0 RemoveTest1 RemoveTest2 RemoveTest3 RemoveTest4 RemoveTest5 RemoveTest6 RemoveTest7 SizeTest2 , ,
5,Sat Mar 24 14:20:35 EDT 2018,25,0,Assignment4Suite,ContainsTest2 EmptyTest0 FindMinMaxTest0 FindMinMaxTest2 InsertTest5 SizeTest0 SizeTest1 SizeTest3 , ,ContainsTest0 ContainsTest1 EmptyTest1 EmptyTest2 FindMinMaxTest1 HeightTest InsertAfterRemoveTest0 InsertAfterRemoveTest1 InsertAfterRemoveTest2 InsertTest0 InsertTest1 InsertTest2 InsertTest3 InsertTest4 RemoveTest0 RemoveTest1 RemoveTest2 RemoveTest3 RemoveTest4 RemoveTest5 RemoveTest6 RemoveTest7 SizeTest2 , ,
6,Sat Mar 24 14:24:39 EDT 2018,25,0,Assignment4Suite,ContainsTest2 EmptyTest0 FindMinMaxTest0 FindMinMaxTest2 InsertTest5 SizeTest0 SizeTest1 SizeTest3 , ,ContainsTest0 ContainsTest1 EmptyTest1 EmptyTest2 FindMinMaxTest1 HeightTest InsertAfterRemoveTest0 InsertAfterRemoveTest1 InsertAfterRemoveTest2 InsertTest0 InsertTest1 InsertTest2 InsertTest3 InsertTest4 RemoveTest0 RemoveTest1 RemoveTest2 RemoveTest3 RemoveTest4 RemoveTest5 RemoveTest6 RemoveTest7 SizeTest2 , ,
7,Sat Mar 24 14:25:49 EDT 2018,19,-6,Assignment4Suite,ContainsTest2 EmptyTest0 FindMinMaxTest0 FindMinMaxTest2 InsertTest5 SizeTest0 , ,ContainsTest0 ContainsTest1 EmptyTest1 EmptyTest2 FindMinMaxTest1 HeightTest InsertAfterRemoveTest0 InsertAfterRemoveTest1 InsertAfterRemoveTest2 InsertTest0 InsertTest1 InsertTest2 InsertTest3 InsertTest4 RemoveTest0 RemoveTest1 RemoveTest2 RemoveTest3 RemoveTest4 RemoveTest5 RemoveTest6 RemoveTest7 SizeTest1- SizeTest2 SizeTest3- , ,
8,Sat Mar 24 17:11:05 EDT 2018,25,6,Assignment4Suite,ContainsTest2 EmptyTest0 EmptyTest2+ FindMinMaxTest0 FindMinMaxTest2 InsertTest5 SizeTest0 SizeTest1+ , ,ContainsTest0 ContainsTest1 EmptyTest1 FindMinMaxTest1 HeightTest InsertAfterRemoveTest0 InsertAfterRemoveTest1 InsertAfterRemoveTest2 InsertTest0 InsertTest1 InsertTest2 InsertTest3 InsertTest4 RemoveTest0 RemoveTest1 RemoveTest2 RemoveTest3 RemoveTest4 RemoveTest5 RemoveTest6 RemoveTest7 SizeTest2 SizeTest3 , ,
9,Sat Mar 24 17:48:20 EDT 2018,29,4,Assignment4Suite,ContainsTest2 EmptyTest0 EmptyTest1+ FindMinMaxTest0 FindMinMaxTest2 InsertTest5 SizeTest0 SizeTest1 SizeTest3+ , ,ContainsTest0 ContainsTest1 EmptyTest2- FindMinMaxTest1 HeightTest InsertAfterRemoveTest0 InsertAfterRemoveTest1 InsertAfterRemoveTest2 InsertTest0 InsertTest1 InsertTest2 InsertTest3 InsertTest4 RemoveTest0 RemoveTest1 RemoveTest2 RemoveTest3 RemoveTest4 RemoveTest5 RemoveTest6 RemoveTest7 SizeTest2 , ,
10,Sat Mar 24 17:50:24 EDT 2018,25,-4,Assignment4Suite,ContainsTest2 EmptyTest0 FindMinMaxTest0 FindMinMaxTest2 InsertTest5 SizeTest0 SizeTest1 SizeTest3 , ,ContainsTest0 ContainsTest1 EmptyTest1- EmptyTest2 FindMinMaxTest1 HeightTest InsertAfterRemoveTest0 InsertAfterRemoveTest1 InsertAfterRemoveTest2 InsertTest0 InsertTest1 InsertTest2 InsertTest3 InsertTest4 RemoveTest0 RemoveTest1 RemoveTest2 RemoveTest3 RemoveTest4 RemoveTest5 RemoveTest6 RemoveTest7 SizeTest2 , ,
11,Sat Mar 24 17:55:50 EDT 2018,25,0,Assignment4Suite,ContainsTest2 EmptyTest0 FindMinMaxTest0 FindMinMaxTest2 InsertTest5 SizeTest0 SizeTest1 SizeTest3 , ,ContainsTest0 ContainsTest1 EmptyTest1 EmptyTest2 FindMinMaxTest1 HeightTest InsertAfterRemoveTest0 InsertAfterRemoveTest1 InsertAfterRemoveTest2 InsertTest0 InsertTest1 InsertTest2 InsertTest3 InsertTest4 RemoveTest0 RemoveTest1 RemoveTest2 RemoveTest3 RemoveTest4 RemoveTest5 RemoveTest6 RemoveTest7 SizeTest2 , ,
12,Sat Mar 24 19:25:44 EDT 2018,29,4,Assignment4Suite,ContainsTest2 EmptyTest0 EmptyTest2+ FindMinMaxTest0 FindMinMaxTest2 InsertTest5 SizeTest0 SizeTest2+ SizeTest3 , ,ContainsTest0 ContainsTest1 EmptyTest1 FindMinMaxTest1 HeightTest InsertAfterRemoveTest0 InsertAfterRemoveTest1 InsertAfterRemoveTest2 InsertTest0 InsertTest1 InsertTest2 InsertTest3 InsertTest4 RemoveTest0 RemoveTest1 RemoveTest2 RemoveTest3 RemoveTest4 RemoveTest5 RemoveTest6 RemoveTest7 SizeTest1- , ,
13,Sat Mar 24 19:29:03 EDT 2018,29,0,Assignment4Suite,ContainsTest2 EmptyTest0 EmptyTest2 FindMinMaxTest0 FindMinMaxTest2 InsertTest5 SizeTest0 SizeTest2 SizeTest3 , ,ContainsTest0 ContainsTest1 EmptyTest1 FindMinMaxTest1 HeightTest InsertAfterRemoveTest0 InsertAfterRemoveTest1 InsertAfterRemoveTest2 InsertTest0 InsertTest1 InsertTest2 InsertTest3 InsertTest4 RemoveTest0 RemoveTest1 RemoveTest2 RemoveTest3 RemoveTest4 RemoveTest5 RemoveTest6 RemoveTest7 SizeTest1 , ,
14,Sat Mar 24 20:31:55 EDT 2018,12,-17,Assignment4Suite,EmptyTest0 FindMinMaxTest0 SizeTest0 SizeTest3 , ,ContainsTest0 ContainsTest1 ContainsTest2- EmptyTest1 EmptyTest2- FindMinMaxTest1 FindMinMaxTest2- HeightTest InsertAfterRemoveTest0 InsertAfterRemoveTest1 InsertAfterRemoveTest2 InsertTest0 InsertTest1 InsertTest2 InsertTest3 InsertTest4 InsertTest5- RemoveTest0 RemoveTest1 RemoveTest2 RemoveTest3 RemoveTest4 RemoveTest5 RemoveTest6 RemoveTest7 SizeTest1 SizeTest2- , ,
15,Sat Mar 24 20:51:48 EDT 2018,29,17,Assignment4Suite,ContainsTest2+ EmptyTest0 EmptyTest2+ FindMinMaxTest0 FindMinMaxTest2+ HeightTest+ SizeTest0 SizeTest2+ SizeTest3 , ,ContainsTest0 ContainsTest1 EmptyTest1 FindMinMaxTest1 InsertAfterRemoveTest0 InsertAfterRemoveTest1 InsertAfterRemoveTest2 InsertTest0 InsertTest1 InsertTest2 InsertTest3 InsertTest4 InsertTest5 RemoveTest0 RemoveTest1 RemoveTest2 RemoveTest3 RemoveTest4 RemoveTest5 RemoveTest6 RemoveTest7 SizeTest1 , ,
16,Sat Mar 24 22:38:08 EDT 2018,32,3,Assignment4Suite,ContainsTest2 EmptyTest0 EmptyTest2 FindMinMaxTest0 FindMinMaxTest2 HeightTest InsertAfterRemoveTest0+ SizeTest0 SizeTest1+ SizeTest2 , ,ContainsTest0 ContainsTest1 EmptyTest1 FindMinMaxTest1 InsertAfterRemoveTest1 InsertAfterRemoveTest2 InsertTest0 InsertTest1 InsertTest2 InsertTest3 InsertTest4 InsertTest5 RemoveTest0 RemoveTest1 RemoveTest2 RemoveTest3 RemoveTest4 RemoveTest5 RemoveTest6 RemoveTest7 SizeTest3- , ,
17,Sat Mar 24 22:46:54 EDT 2018,35,3,Assignment4Suite,ContainsTest2 EmptyTest0 EmptyTest2 FindMinMaxTest0 FindMinMaxTest2 HeightTest InsertAfterRemoveTest0 SizeTest0 SizeTest1 SizeTest2 SizeTest3+ , ,ContainsTest0 ContainsTest1 EmptyTest1 FindMinMaxTest1 InsertAfterRemoveTest1 InsertAfterRemoveTest2 InsertTest0 InsertTest1 InsertTest2 InsertTest3 InsertTest4 InsertTest5 RemoveTest0 RemoveTest1 RemoveTest2 RemoveTest3 RemoveTest4 RemoveTest5 RemoveTest6 RemoveTest7 , ,
18,Sun Mar 25 14:03:15 EDT 2018,35,0,Assignment4Suite,ContainsTest2 EmptyTest0 EmptyTest2 FindMinMaxTest0 FindMinMaxTest2 HeightTest InsertAfterRemoveTest0 SizeTest0 SizeTest1 SizeTest2 SizeTest3 , ,ContainsTest0 ContainsTest1 EmptyTest1 FindMinMaxTest1 InsertAfterRemoveTest1 InsertAfterRemoveTest2 InsertTest0 InsertTest1 InsertTest2 InsertTest3 InsertTest4 InsertTest5 RemoveTest0 RemoveTest1 RemoveTest2 RemoveTest3 RemoveTest4 RemoveTest5 RemoveTest6 RemoveTest7 , ,
19,Sun Mar 25 14:15:34 EDT 2018,38,3,Assignment4Suite,ContainsTest2 EmptyTest0 EmptyTest2 FindMinMaxTest0 FindMinMaxTest2 HeightTest InsertAfterRemoveTest0 RemoveTest0+ SizeTest0 SizeTest1 SizeTest2 SizeTest3 , ,ContainsTest0 ContainsTest1 EmptyTest1 FindMinMaxTest1 InsertAfterRemoveTest1 InsertAfterRemoveTest2 InsertTest0 InsertTest1 InsertTest2 InsertTest3 InsertTest4 InsertTest5 RemoveTest1 RemoveTest2 RemoveTest3 RemoveTest4 RemoveTest5 RemoveTest6 RemoveTest7 , ,
20,Sun Mar 25 14:17:12 EDT 2018,25,-13,Assignment4Suite,ContainsTest2 EmptyTest0 FindMinMaxTest0 FindMinMaxTest2 HeightTest SizeTest0 SizeTest1 SizeTest3 , ,ContainsTest0 ContainsTest1 EmptyTest1 EmptyTest2- FindMinMaxTest1 InsertAfterRemoveTest0- InsertAfterRemoveTest1 InsertAfterRemoveTest2 InsertTest0 InsertTest1 InsertTest2 InsertTest3 InsertTest4 InsertTest5 RemoveTest0- RemoveTest1 RemoveTest2 RemoveTest3 RemoveTest4 RemoveTest5 RemoveTest6 RemoveTest7 SizeTest2- , ,
21,Sun Mar 25 14:22:28 EDT 2018,25,0,Assignment4Suite,ContainsTest2 EmptyTest0 FindMinMaxTest0 FindMinMaxTest2 HeightTest SizeTest0 SizeTest1 SizeTest3 , ,ContainsTest0 ContainsTest1 EmptyTest1 EmptyTest2 FindMinMaxTest1 InsertAfterRemoveTest0 InsertAfterRemoveTest1 InsertAfterRemoveTest2 InsertTest0 InsertTest1 InsertTest2 InsertTest3 InsertTest4 InsertTest5 RemoveTest0 RemoveTest1 RemoveTest2 RemoveTest3 RemoveTest4 RemoveTest5 RemoveTest6 RemoveTest7 SizeTest2 , ,
22,Sun Mar 25 14:23:20 EDT 2018,35,10,Assignment4Suite,ContainsTest2 EmptyTest0 EmptyTest2+ FindMinMaxTest0 FindMinMaxTest2 HeightTest RemoveTest0+ SizeTest0 SizeTest1 SizeTest2+ SizeTest3 , ,ContainsTest0 ContainsTest1 EmptyTest1 FindMinMaxTest1 InsertAfterRemoveTest0 InsertAfterRemoveTest1 InsertAfterRemoveTest2 InsertTest0 InsertTest1 InsertTest2 InsertTest3 InsertTest4 InsertTest5 RemoveTest1 RemoveTest2 RemoveTest3 RemoveTest4 RemoveTest5 RemoveTest6 RemoveTest7 , ,
23,Sun Mar 25 14:41:23 EDT 2018,12,-23,Assignment4Suite,EmptyTest0 FindMinMaxTest0 SizeTest0 SizeTest3 , ,ContainsTest0 ContainsTest1 ContainsTest2- EmptyTest1 EmptyTest2- FindMinMaxTest1 FindMinMaxTest2- HeightTest- InsertAfterRemoveTest0 InsertAfterRemoveTest1 InsertAfterRemoveTest2 InsertTest0 InsertTest1 InsertTest2 InsertTest3 InsertTest4 InsertTest5 RemoveTest0- RemoveTest1 RemoveTest2 RemoveTest3 RemoveTest4 RemoveTest5 RemoveTest6 RemoveTest7 SizeTest1- SizeTest2- , ,
24,Sun Mar 25 14:42:22 EDT 2018,12,0,Assignment4Suite,EmptyTest0 FindMinMaxTest0 SizeTest0 SizeTest3 , ,ContainsTest0 ContainsTest1 ContainsTest2 EmptyTest1 EmptyTest2 FindMinMaxTest1 FindMinMaxTest2 HeightTest InsertAfterRemoveTest0 InsertAfterRemoveTest1 InsertAfterRemoveTest2 InsertTest0 InsertTest1 InsertTest2 InsertTest3 InsertTest4 InsertTest5 RemoveTest0 RemoveTest1 RemoveTest2 RemoveTest3 RemoveTest4 RemoveTest5 RemoveTest6 RemoveTest7 SizeTest1 SizeTest2 , ,
25,Sun Mar 25 14:45:39 EDT 2018,25,13,Assignment4Suite,ContainsTest2+ EmptyTest0 EmptyTest2+ FindMinMaxTest0 SizeTest0 SizeTest1+ SizeTest2+ SizeTest3 , ,ContainsTest0 ContainsTest1 EmptyTest1 FindMinMaxTest1 FindMinMaxTest2 HeightTest InsertAfterRemoveTest0 InsertAfterRemoveTest1 InsertAfterRemoveTest2 InsertTest0 InsertTest1 InsertTest2 InsertTest3 InsertTest4 InsertTest5 RemoveTest0 RemoveTest1 RemoveTest2 RemoveTest3 RemoveTest4 RemoveTest5 RemoveTest6 RemoveTest7 , ,
26,Sun Mar 25 14:59:12 EDT 2018,25,0,Assignment4Suite,ContainsTest2 EmptyTest0 EmptyTest2 FindMinMaxTest0 SizeTest0 SizeTest1 SizeTest2 SizeTest3 , ,ContainsTest0 ContainsTest1 EmptyTest1 FindMinMaxTest1 FindMinMaxTest2 HeightTest InsertAfterRemoveTest0 InsertAfterRemoveTest1 InsertAfterRemoveTest2 InsertTest0 InsertTest1 InsertTest2 InsertTest3 InsertTest4 InsertTest5 RemoveTest0 RemoveTest1 RemoveTest2 RemoveTest3 RemoveTest4 RemoveTest5 RemoveTest6 RemoveTest7 , ,
27,Sun Mar 25 15:01:43 EDT 2018,25,0,Assignment4Suite,ContainsTest2 EmptyTest0 EmptyTest2 FindMinMaxTest0 SizeTest0 SizeTest1 SizeTest2 SizeTest3 , ,ContainsTest0 ContainsTest1 EmptyTest1 FindMinMaxTest1 FindMinMaxTest2 HeightTest InsertAfterRemoveTest0 InsertAfterRemoveTest1 InsertAfterRemoveTest2 InsertTest0 InsertTest1 InsertTest2 InsertTest3 InsertTest4 InsertTest5 RemoveTest0 RemoveTest1 RemoveTest2 RemoveTest3 RemoveTest4 RemoveTest5 RemoveTest6 RemoveTest7 , ,
28,Sun Mar 25 15:03:43 EDT 2018,25,0,Assignment4Suite,ContainsTest2 EmptyTest0 EmptyTest2 FindMinMaxTest0 SizeTest0 SizeTest1 SizeTest2 SizeTest3 , ,ContainsTest0 ContainsTest1 EmptyTest1 FindMinMaxTest1 FindMinMaxTest2 HeightTest InsertAfterRemoveTest0 InsertAfterRemoveTest1 InsertAfterRemoveTest2 InsertTest0 InsertTest1 InsertTest2 InsertTest3 InsertTest4 InsertTest5 RemoveTest0 RemoveTest1 RemoveTest2 RemoveTest3 RemoveTest4 RemoveTest5 RemoveTest6 RemoveTest7 , ,
29,Sun Mar 25 15:16:29 EDT 2018,19,-6,Assignment4Suite,ContainsTest2 EmptyTest0 FindMinMaxTest0 SizeTest0 SizeTest1 SizeTest3 , ,ContainsTest0 ContainsTest1 EmptyTest1 EmptyTest2- FindMinMaxTest1 FindMinMaxTest2 HeightTest InsertAfterRemoveTest0 InsertAfterRemoveTest1 InsertAfterRemoveTest2 InsertTest0 InsertTest1 InsertTest2 InsertTest3 InsertTest4 InsertTest5 RemoveTest0 RemoveTest1 RemoveTest2 RemoveTest3 RemoveTest4 RemoveTest5 RemoveTest6 RemoveTest7 SizeTest2- , ,
30,Sun Mar 25 15:53:14 EDT 2018,19,0,Assignment4Suite,EmptyTest0 FindMinMaxTest0 FindMinMaxTest1+ InsertAfterRemoveTest0+ SizeTest0 SizeTest3 , ,ContainsTest0 ContainsTest1 ContainsTest2- EmptyTest1 EmptyTest2 FindMinMaxTest2 HeightTest InsertAfterRemoveTest1 InsertAfterRemoveTest2 InsertTest0 InsertTest1 InsertTest2 InsertTest3 InsertTest4 InsertTest5 RemoveTest0 RemoveTest1 RemoveTest2 RemoveTest3 RemoveTest4 RemoveTest5 RemoveTest6 RemoveTest7 SizeTest1- SizeTest2 , ,
31,Sun Mar 25 15:54:32 EDT 2018,16,-3,Assignment4Suite,EmptyTest0 FindMinMaxTest0 FindMinMaxTest1 InsertAfterRemoveTest0 SizeTest0 , ,ContainsTest0 ContainsTest1 ContainsTest2 EmptyTest1 EmptyTest2 FindMinMaxTest2 HeightTest InsertAfterRemoveTest1 InsertAfterRemoveTest2 InsertTest0 InsertTest1 InsertTest2 InsertTest3 InsertTest4 InsertTest5 RemoveTest0 RemoveTest1 RemoveTest2 RemoveTest3 RemoveTest4 RemoveTest5 RemoveTest6 RemoveTest7 SizeTest1 SizeTest2 SizeTest3- , ,
32,Sun Mar 25 16:17:16 EDT 2018,22,6,Assignment4Suite,EmptyTest0 FindMinMaxTest0 FindMinMaxTest1 InsertAfterRemoveTest0 SizeTest0 SizeTest1+ SizeTest3+ , ,ContainsTest0 ContainsTest1 ContainsTest2 EmptyTest1 EmptyTest2 FindMinMaxTest2 HeightTest InsertAfterRemoveTest1 InsertAfterRemoveTest2 InsertTest0 InsertTest1 InsertTest2 InsertTest3 InsertTest4 InsertTest5 RemoveTest0 RemoveTest1 RemoveTest2 RemoveTest3 RemoveTest4 RemoveTest5 RemoveTest6 RemoveTest7 SizeTest2 , ,
33,Sun Mar 25 16:21:40 EDT 2018,22,0,Assignment4Suite,EmptyTest0 FindMinMaxTest0 FindMinMaxTest1 InsertAfterRemoveTest0 SizeTest0 SizeTest1 SizeTest3 , ,ContainsTest0 ContainsTest1 ContainsTest2 EmptyTest1 EmptyTest2 FindMinMaxTest2 HeightTest InsertAfterRemoveTest1 InsertAfterRemoveTest2 InsertTest0 InsertTest1 InsertTest2 InsertTest3 InsertTest4 InsertTest5 RemoveTest0 RemoveTest1 RemoveTest2 RemoveTest3 RemoveTest4 RemoveTest5 RemoveTest6 RemoveTest7 SizeTest2 , ,
34,Sun Mar 25 16:28:40 EDT 2018,22,0,Assignment4Suite,EmptyTest0 FindMinMaxTest0 FindMinMaxTest1 InsertAfterRemoveTest0 SizeTest0 SizeTest1 SizeTest3 , ,ContainsTest0 ContainsTest1 ContainsTest2 EmptyTest1 EmptyTest2 FindMinMaxTest2 HeightTest InsertAfterRemoveTest1 InsertAfterRemoveTest2 InsertTest0 InsertTest1 InsertTest2 InsertTest3 InsertTest4 InsertTest5 RemoveTest0 RemoveTest1 RemoveTest2 RemoveTest3 RemoveTest4 RemoveTest5 RemoveTest6 RemoveTest7 SizeTest2 , ,
35,Sun Mar 25 16:52:43 EDT 2018,54,32,Assignment4Suite,ContainsTest2+ EmptyTest0 EmptyTest2+ FindMinMaxTest0 FindMinMaxTest1 FindMinMaxTest2+ InsertAfterRemoveTest0 InsertAfterRemoveTest1+ InsertTest0+ InsertTest1+ InsertTest2+ InsertTest3+ InsertTest4+ InsertTest5+ SizeTest0 SizeTest1 SizeTest2+ , ,ContainsTest0 ContainsTest1 EmptyTest1 HeightTest InsertAfterRemoveTest2 RemoveTest0 RemoveTest1 RemoveTest2 RemoveTest3 RemoveTest4 RemoveTest5 RemoveTest6 RemoveTest7 SizeTest3- , ,
36,Sun Mar 25 17:02:11 EDT 2018,58,4,Assignment4Suite,ContainsTest2 EmptyTest0 EmptyTest2 FindMinMaxTest0 FindMinMaxTest1 FindMinMaxTest2 HeightTest+ InsertAfterRemoveTest0 InsertAfterRemoveTest1 InsertTest0 InsertTest1 InsertTest2 InsertTest3 InsertTest4 InsertTest5 SizeTest0 SizeTest1 SizeTest2 , ,ContainsTest0 ContainsTest1 EmptyTest1 InsertAfterRemoveTest2 RemoveTest0 RemoveTest1 RemoveTest2 RemoveTest3 RemoveTest4 RemoveTest5 RemoveTest6 RemoveTest7 SizeTest3 , ,
37,Sun Mar 25 17:08:19 EDT 2018,77,19,Assignment4Suite,ContainsTest0+ ContainsTest1+ ContainsTest2 EmptyTest0 EmptyTest1+ EmptyTest2 FindMinMaxTest0 FindMinMaxTest1 FindMinMaxTest2 HeightTest InsertAfterRemoveTest0 InsertAfterRemoveTest1 InsertTest0 InsertTest1 InsertTest2 InsertTest3 InsertTest4 InsertTest5 RemoveTest0+ RemoveTest4+ RemoveTest7+ SizeTest0 SizeTest1 SizeTest2 , ,InsertAfterRemoveTest2 RemoveTest1 RemoveTest2 RemoveTest3 RemoveTest5 RemoveTest6 SizeTest3 , ,
38,Sun Mar 25 17:10:17 EDT 2018,80,3,Assignment4Suite,ContainsTest0 ContainsTest1 ContainsTest2 EmptyTest0 EmptyTest1 EmptyTest2 FindMinMaxTest0 FindMinMaxTest1 FindMinMaxTest2 HeightTest InsertAfterRemoveTest0 InsertAfterRemoveTest1 InsertTest0 InsertTest1 InsertTest2 InsertTest3 InsertTest4 InsertTest5 RemoveTest0 RemoveTest4 RemoveTest7 SizeTest0 SizeTest1 SizeTest2 SizeTest3+ , ,InsertAfterRemoveTest2 RemoveTest1 RemoveTest2 RemoveTest3 RemoveTest5 RemoveTest6 , ,
39,Sun Mar 25 20:13:17 EDT 2018,80,0,Assignment4Suite,ContainsTest0 ContainsTest1 ContainsTest2 EmptyTest0 EmptyTest1 EmptyTest2 FindMinMaxTest0 FindMinMaxTest1 FindMinMaxTest2 HeightTest InsertAfterRemoveTest0 InsertAfterRemoveTest1 InsertTest0 InsertTest1 InsertTest2 InsertTest3 InsertTest4 InsertTest5 RemoveTest0 RemoveTest4 RemoveTest7 SizeTest0 SizeTest1 SizeTest2 SizeTest3 , ,InsertAfterRemoveTest2 RemoveTest1 RemoveTest2 RemoveTest3 RemoveTest5 RemoveTest6 , ,
40,Sun Mar 25 20:14:09 EDT 2018,80,0,Assignment4Suite,ContainsTest0 ContainsTest1 ContainsTest2 EmptyTest0 EmptyTest1 EmptyTest2 FindMinMaxTest0 FindMinMaxTest1 FindMinMaxTest2 HeightTest InsertAfterRemoveTest0 InsertAfterRemoveTest1 InsertTest0 InsertTest1 InsertTest2 InsertTest3 InsertTest4 InsertTest5 RemoveTest0 RemoveTest4 RemoveTest7 SizeTest0 SizeTest1 SizeTest2 SizeTest3 , ,InsertAfterRemoveTest2 RemoveTest1 RemoveTest2 RemoveTest3 RemoveTest5 RemoveTest6 , ,
41,Sun Mar 25 20:15:49 EDT 2018,80,0,Assignment4Suite,ContainsTest0 ContainsTest1 ContainsTest2 EmptyTest0 EmptyTest1 EmptyTest2 FindMinMaxTest0 FindMinMaxTest1 FindMinMaxTest2 HeightTest InsertAfterRemoveTest0 InsertAfterRemoveTest1 InsertTest0 InsertTest1 InsertTest2 InsertTest3 InsertTest4 InsertTest5 RemoveTest0 RemoveTest4 RemoveTest7 SizeTest0 SizeTest1 SizeTest2 SizeTest3 , ,InsertAfterRemoveTest2 RemoveTest1 RemoveTest2 RemoveTest3 RemoveTest5 RemoveTest6 , ,
42,Sun Mar 25 20:41:36 EDT 2018,29,-51,Assignment4Suite,ContainsTest2 EmptyTest0 EmptyTest2 FindMinMaxTest0 HeightTest InsertAfterRemoveTest0 SizeTest0 SizeTest1 SizeTest3 , ,ContainsTest0- ContainsTest1- EmptyTest1- FindMinMaxTest1- FindMinMaxTest2- InsertAfterRemoveTest1- InsertAfterRemoveTest2 InsertTest0- InsertTest1- InsertTest2- InsertTest3- InsertTest4- InsertTest5- RemoveTest0- RemoveTest1 RemoveTest2 RemoveTest3 RemoveTest4- RemoveTest5 RemoveTest6 RemoveTest7- SizeTest2- , ,
43,Sun Mar 25 21:22:53 EDT 2018,22,-7,Assignment4Suite,EmptyTest0 FindMinMaxTest0 HeightTest InsertAfterRemoveTest0 InsertTest0+ SizeTest0 SizeTest3 , ,ContainsTest0 ContainsTest1 ContainsTest2- EmptyTest1 EmptyTest2- FindMinMaxTest1 FindMinMaxTest2 InsertAfterRemoveTest1 InsertAfterRemoveTest2 InsertTest1 InsertTest2 InsertTest3 InsertTest4 InsertTest5 RemoveTest0 RemoveTest1 RemoveTest2 RemoveTest3 RemoveTest4 RemoveTest5 RemoveTest6 RemoveTest7 SizeTest1- SizeTest2 , ,
44,Sun Mar 25 21:28:06 EDT 2018,22,0,Assignment4Suite,EmptyTest0 FindMinMaxTest0 HeightTest InsertAfterRemoveTest0 InsertTest0 SizeTest0 SizeTest3 , ,ContainsTest0 ContainsTest1 ContainsTest2 EmptyTest1 EmptyTest2 FindMinMaxTest1 FindMinMaxTest2 InsertAfterRemoveTest1 InsertAfterRemoveTest2 InsertTest1 InsertTest2 InsertTest3 InsertTest4 InsertTest5 RemoveTest0 RemoveTest1 RemoveTest2 RemoveTest3 RemoveTest4 RemoveTest5 RemoveTest6 RemoveTest7 SizeTest1 SizeTest2 , ,
45,Sun Mar 25 22:01:42 EDT 2018,93,71,Assignment4Suite,ContainsTest0+ ContainsTest1+ ContainsTest2+ EmptyTest0 EmptyTest1+ EmptyTest2+ FindMinMaxTest0 FindMinMaxTest1+ FindMinMaxTest2+ HeightTest InsertAfterRemoveTest0 InsertAfterRemoveTest1+ InsertAfterRemoveTest2+ InsertTest0 InsertTest1+ InsertTest2+ InsertTest3+ InsertTest4+ InsertTest5+ RemoveTest0+ RemoveTest1+ RemoveTest2+ RemoveTest4+ RemoveTest6+ RemoveTest7+ SizeTest0 SizeTest1+ SizeTest2+ SizeTest3 , ,RemoveTest3 RemoveTest5 , ,
46,Sun Mar 25 23:17:49 EDT 2018,93,0,Assignment4Suite,ContainsTest0 ContainsTest1 ContainsTest2 EmptyTest0 EmptyTest1 EmptyTest2 FindMinMaxTest0 FindMinMaxTest1 FindMinMaxTest2 HeightTest InsertAfterRemoveTest0 InsertAfterRemoveTest1 InsertAfterRemoveTest2 InsertTest0 InsertTest1 InsertTest2 InsertTest3 InsertTest4 InsertTest5 RemoveTest0 RemoveTest1 RemoveTest2 RemoveTest4 RemoveTest6 RemoveTest7 SizeTest0 SizeTest1 SizeTest2 SizeTest3 , ,RemoveTest3 RemoveTest5 , ,
47,Sun Mar 25 23:35:01 EDT 2018,87,-6,Assignment4Suite,ContainsTest0 ContainsTest1 ContainsTest2 EmptyTest0 EmptyTest1 EmptyTest2 FindMinMaxTest0 FindMinMaxTest1 FindMinMaxTest2 HeightTest InsertAfterRemoveTest0 InsertAfterRemoveTest1 InsertTest0 InsertTest1 InsertTest2 InsertTest3 InsertTest4 InsertTest5 RemoveTest0 RemoveTest1 RemoveTest2 RemoveTest4 RemoveTest7 SizeTest0 SizeTest1 SizeTest2 SizeTest3 , ,InsertAfterRemoveTest2- RemoveTest3 RemoveTest5 RemoveTest6- , ,
48,Sun Mar 25 23:37:24 EDT 2018,83,-4,Assignment4Suite,ContainsTest0 ContainsTest1 ContainsTest2 EmptyTest0 EmptyTest1 EmptyTest2 FindMinMaxTest0 FindMinMaxTest1 FindMinMaxTest2 HeightTest InsertAfterRemoveTest0 InsertAfterRemoveTest1 InsertAfterRemoveTest2+ InsertTest0 InsertTest1 InsertTest2 InsertTest3 InsertTest4 InsertTest5 RemoveTest0 RemoveTest4 RemoveTest7 SizeTest0 SizeTest1 SizeTest2 SizeTest3 , ,RemoveTest1- RemoveTest2- RemoveTest3 RemoveTest5 RemoveTest6 , ,
49,Sun Mar 25 23:42:45 EDT 2018,87,4,Assignment4Suite,ContainsTest0 ContainsTest1 ContainsTest2 EmptyTest0 EmptyTest1 EmptyTest2 FindMinMaxTest0 FindMinMaxTest1 FindMinMaxTest2 HeightTest InsertAfterRemoveTest0 InsertAfterRemoveTest1 InsertTest0 InsertTest1 InsertTest2 InsertTest3 InsertTest4 InsertTest5 RemoveTest0 RemoveTest1+ RemoveTest2+ RemoveTest4 RemoveTest7 SizeTest0 SizeTest1 SizeTest2 SizeTest3 , ,InsertAfterRemoveTest2- RemoveTest3 RemoveTest5 RemoveTest6 , ,
50,Sun Mar 25 23:44:22 EDT 2018,80,-7,Assignment4Suite,ContainsTest0 ContainsTest1 ContainsTest2 EmptyTest0 EmptyTest2 FindMinMaxTest0 FindMinMaxTest1 FindMinMaxTest2 HeightTest InsertAfterRemoveTest1 InsertTest0 InsertTest1 InsertTest2 InsertTest3 InsertTest4 InsertTest5 RemoveTest0 RemoveTest1 RemoveTest2 RemoveTest4 RemoveTest7 SizeTest0 SizeTest1 SizeTest2 SizeTest3 , ,EmptyTest1- InsertAfterRemoveTest0- InsertAfterRemoveTest2 RemoveTest3 RemoveTest5 RemoveTest6 , ,
51,Sun Mar 25 23:45:18 EDT 2018,80,0,Assignment4Suite,ContainsTest0 ContainsTest1 ContainsTest2 EmptyTest0 EmptyTest2 FindMinMaxTest0 FindMinMaxTest1 FindMinMaxTest2 HeightTest InsertAfterRemoveTest1 InsertTest0 InsertTest1 InsertTest2 InsertTest3 InsertTest4 InsertTest5 RemoveTest0 RemoveTest1 RemoveTest2 RemoveTest4 RemoveTest7 SizeTest0 SizeTest1 SizeTest2 SizeTest3 , ,EmptyTest1 InsertAfterRemoveTest0 InsertAfterRemoveTest2 RemoveTest3 RemoveTest5 RemoveTest6 , ,
52,Sun Mar 25 23:51:35 EDT 2018,87,7,Assignment4Suite,ContainsTest0 ContainsTest1 ContainsTest2 EmptyTest0 EmptyTest1+ EmptyTest2 FindMinMaxTest0 FindMinMaxTest1 FindMinMaxTest2 HeightTest InsertAfterRemoveTest0+ InsertAfterRemoveTest1 InsertTest0 InsertTest1 InsertTest2 InsertTest3 InsertTest4 InsertTest5 RemoveTest0 RemoveTest1 RemoveTest2 RemoveTest4 RemoveTest7 SizeTest0 SizeTest1 SizeTest2 SizeTest3 , ,InsertAfterRemoveTest2 RemoveTest3 RemoveTest5 RemoveTest6 , ,
53,Mon Mar 26 00:02:38 EDT 2018,87,0,Assignment4Suite,ContainsTest0 ContainsTest1 ContainsTest2 EmptyTest0 EmptyTest1 EmptyTest2 FindMinMaxTest0 FindMinMaxTest1 FindMinMaxTest2 HeightTest InsertAfterRemoveTest0 InsertAfterRemoveTest1 InsertTest0 InsertTest1 InsertTest2 InsertTest3 InsertTest4 InsertTest5 RemoveTest0 RemoveTest1 RemoveTest2 RemoveTest4 RemoveTest7 SizeTest0 SizeTest1 SizeTest2 SizeTest3 , ,InsertAfterRemoveTest2 RemoveTest3 RemoveTest5 RemoveTest6 , ,
54,Mon Mar 26 00:09:47 EDT 2018,87,0,Assignment4Suite,ContainsTest0 ContainsTest1 ContainsTest2 EmptyTest0 EmptyTest1 EmptyTest2 FindMinMaxTest0 FindMinMaxTest1 FindMinMaxTest2 HeightTest InsertAfterRemoveTest0 InsertAfterRemoveTest1 InsertTest0 InsertTest1 InsertTest2 InsertTest3 InsertTest4 InsertTest5 RemoveTest0 RemoveTest1 RemoveTest2 RemoveTest4 RemoveTest7 SizeTest0 SizeTest1 SizeTest2 SizeTest3 , ,InsertAfterRemoveTest2 RemoveTest3 RemoveTest5 RemoveTest6 , ,
55,Mon Mar 26 00:16:16 EDT 2018,93,6,Assignment4Suite,ContainsTest0 ContainsTest1 ContainsTest2 EmptyTest0 EmptyTest1 EmptyTest2 FindMinMaxTest0 FindMinMaxTest1 FindMinMaxTest2 HeightTest InsertAfterRemoveTest0 InsertAfterRemoveTest1 InsertAfterRemoveTest2+ InsertTest0 InsertTest1 InsertTest2 InsertTest3 InsertTest4 InsertTest5 RemoveTest0 RemoveTest1 RemoveTest2 RemoveTest4 RemoveTest6+ RemoveTest7 SizeTest0 SizeTest1 SizeTest2 SizeTest3 , ,RemoveTest3 RemoveTest5 , ,
56,Mon Mar 26 00:17:33 EDT 2018,83,-10,Assignment4Suite,ContainsTest0 ContainsTest1 ContainsTest2 EmptyTest0 EmptyTest1 EmptyTest2 FindMinMaxTest0 FindMinMaxTest1 FindMinMaxTest2 HeightTest InsertAfterRemoveTest0 InsertAfterRemoveTest1 InsertAfterRemoveTest2 InsertTest0 InsertTest1 InsertTest2 InsertTest3 InsertTest5 RemoveTest0 RemoveTest1 RemoveTest2 RemoveTest7 SizeTest0 SizeTest1 SizeTest2 SizeTest3 , ,InsertTest4- RemoveTest3 RemoveTest4- RemoveTest5 RemoveTest6- , ,
57,Mon Mar 26 00:17:55 EDT 2018,93,10,Assignment4Suite,ContainsTest0 ContainsTest1 ContainsTest2 EmptyTest0 EmptyTest1 EmptyTest2 FindMinMaxTest0 FindMinMaxTest1 FindMinMaxTest2 HeightTest InsertAfterRemoveTest0 InsertAfterRemoveTest1 InsertAfterRemoveTest2 InsertTest0 InsertTest1 InsertTest2 InsertTest3 InsertTest4+ InsertTest5 RemoveTest0 RemoveTest1 RemoveTest2 RemoveTest4+ RemoveTest6+ RemoveTest7 SizeTest0 SizeTest1 SizeTest2 SizeTest3 , ,RemoveTest3 RemoveTest5 , ,
58,Mon Mar 26 00:22:23 EDT 2018,93,0,Assignment4Suite,ContainsTest0 ContainsTest1 ContainsTest2 EmptyTest0 EmptyTest1 EmptyTest2 FindMinMaxTest0 FindMinMaxTest1 FindMinMaxTest2 HeightTest InsertAfterRemoveTest0 InsertAfterRemoveTest1 InsertAfterRemoveTest2 InsertTest0 InsertTest1 InsertTest2 InsertTest3 InsertTest4 InsertTest5 RemoveTest0 RemoveTest1 RemoveTest2 RemoveTest4 RemoveTest6 RemoveTest7 SizeTest0 SizeTest1 SizeTest2 SizeTest3 , ,RemoveTest3 RemoveTest5 , ,
59,Mon Mar 26 00:23:01 EDT 2018,93,0,Assignment4Suite,ContainsTest0 ContainsTest1 ContainsTest2 EmptyTest0 EmptyTest1 EmptyTest2 FindMinMaxTest0 FindMinMaxTest1 FindMinMaxTest2 HeightTest InsertAfterRemoveTest0 InsertAfterRemoveTest1 InsertAfterRemoveTest2 InsertTest0 InsertTest1 InsertTest2 InsertTest3 InsertTest4 InsertTest5 RemoveTest0 RemoveTest1 RemoveTest2 RemoveTest4 RemoveTest6 RemoveTest7 SizeTest0 SizeTest1 SizeTest2 SizeTest3 , ,RemoveTest3 RemoveTest5 , ,
60,Mon Mar 26 00:30:34 EDT 2018,93,0,Assignment4Suite,ContainsTest0 ContainsTest1 ContainsTest2 EmptyTest0 EmptyTest1 EmptyTest2 FindMinMaxTest0 FindMinMaxTest1 FindMinMaxTest2 HeightTest InsertAfterRemoveTest0 InsertAfterRemoveTest1 InsertAfterRemoveTest2 InsertTest0 InsertTest1 InsertTest2 InsertTest3 InsertTest4 InsertTest5 RemoveTest0 RemoveTest1 RemoveTest2 RemoveTest4 RemoveTest6 RemoveTest7 SizeTest0 SizeTest1 SizeTest2 SizeTest3 , ,RemoveTest3 RemoveTest5 , ,
61,Mon Mar 26 00:31:50 EDT 2018,93,0,Assignment4Suite,ContainsTest0 ContainsTest1 ContainsTest2 EmptyTest0 EmptyTest1 EmptyTest2 FindMinMaxTest0 FindMinMaxTest1 FindMinMaxTest2 HeightTest InsertAfterRemoveTest0 InsertAfterRemoveTest1 InsertAfterRemoveTest2 InsertTest0 InsertTest1 InsertTest2 InsertTest3 InsertTest4 InsertTest5 RemoveTest0 RemoveTest1 RemoveTest2 RemoveTest4 RemoveTest6 RemoveTest7 SizeTest0 SizeTest1 SizeTest2 SizeTest3 , ,RemoveTest3 RemoveTest5 , ,
62,Mon Mar 26 00:36:05 EDT 2018,93,0,Assignment4Suite,ContainsTest0 ContainsTest1 ContainsTest2 EmptyTest0 EmptyTest1 EmptyTest2 FindMinMaxTest0 FindMinMaxTest1 FindMinMaxTest2 HeightTest InsertAfterRemoveTest0 InsertAfterRemoveTest1 InsertAfterRemoveTest2 InsertTest0 InsertTest1 InsertTest2 InsertTest3 InsertTest4 InsertTest5 RemoveTest0 RemoveTest1 RemoveTest2 RemoveTest4 RemoveTest6 RemoveTest7 SizeTest0 SizeTest1 SizeTest2 SizeTest3 , ,RemoveTest3 RemoveTest5 , ,
63,Mon Mar 26 00:36:59 EDT 2018,93,0,Assignment4Suite,ContainsTest0 ContainsTest1 ContainsTest2 EmptyTest0 EmptyTest1 EmptyTest2 FindMinMaxTest0 FindMinMaxTest1 FindMinMaxTest2 HeightTest InsertAfterRemoveTest0 InsertAfterRemoveTest1 InsertAfterRemoveTest2 InsertTest0 InsertTest1 InsertTest2 InsertTest3 InsertTest4 InsertTest5 RemoveTest0 RemoveTest1 RemoveTest2 RemoveTest4 RemoveTest6 RemoveTest7 SizeTest0 SizeTest1 SizeTest2 SizeTest3 , ,RemoveTest3 RemoveTest5 , ,
64,Mon Mar 26 00:37:19 EDT 2018,93,0,Assignment4Suite,ContainsTest0 ContainsTest1 ContainsTest2 EmptyTest0 EmptyTest1 EmptyTest2 FindMinMaxTest0 FindMinMaxTest1 FindMinMaxTest2 HeightTest InsertAfterRemoveTest0 InsertAfterRemoveTest1 InsertAfterRemoveTest2 InsertTest0 InsertTest1 InsertTest2 InsertTest3 InsertTest4 InsertTest5 RemoveTest0 RemoveTest1 RemoveTest2 RemoveTest4 RemoveTest6 RemoveTest7 SizeTest0 SizeTest1 SizeTest2 SizeTest3 , ,RemoveTest3 RemoveTest5 , ,
65,Mon Mar 26 11:17:12 EDT 2018,80,-13,Assignment4Suite,ContainsTest0 ContainsTest1 ContainsTest2 EmptyTest0 EmptyTest2 FindMinMaxTest0 FindMinMaxTest1 FindMinMaxTest2 HeightTest InsertAfterRemoveTest0 InsertAfterRemoveTest1 InsertAfterRemoveTest2 InsertTest0 InsertTest1 InsertTest2 InsertTest3 InsertTest4 InsertTest5 RemoveTest0 RemoveTest1 RemoveTest7 SizeTest0 SizeTest1 SizeTest2 SizeTest3 , ,EmptyTest1- RemoveTest2- RemoveTest3 RemoveTest4- RemoveTest5 RemoveTest6- , ,
66,Mon Mar 26 11:20:22 EDT 2018,80,0,Assignment4Suite,ContainsTest0 ContainsTest1 ContainsTest2 EmptyTest0 EmptyTest2 FindMinMaxTest0 FindMinMaxTest1 FindMinMaxTest2 HeightTest InsertAfterRemoveTest0 InsertAfterRemoveTest1 InsertAfterRemoveTest2 InsertTest0 InsertTest1 InsertTest2 InsertTest3 InsertTest4 InsertTest5 RemoveTest0 RemoveTest1 RemoveTest7 SizeTest0 SizeTest1 SizeTest2 SizeTest3 , ,EmptyTest1 RemoveTest2 RemoveTest3 RemoveTest4 RemoveTest5 RemoveTest6 , ,
67,Mon Mar 26 11:26:06 EDT 2018,80,0,Assignment4Suite,ContainsTest0 ContainsTest1 ContainsTest2 EmptyTest0 EmptyTest2 FindMinMaxTest0 FindMinMaxTest1 FindMinMaxTest2 HeightTest InsertAfterRemoveTest0 InsertAfterRemoveTest1 InsertAfterRemoveTest2 InsertTest0 InsertTest1 InsertTest2 InsertTest3 InsertTest4 InsertTest5 RemoveTest0 RemoveTest1 RemoveTest7 SizeTest0 SizeTest1 SizeTest2 SizeTest3 , ,EmptyTest1 RemoveTest2 RemoveTest3 RemoveTest4 RemoveTest5 RemoveTest6 , ,
68,Mon Mar 26 11:38:49 EDT 2018,38,-42,Assignment4Suite,ContainsTest2 EmptyTest0 EmptyTest2 FindMinMaxTest0 FindMinMaxTest1 FindMinMaxTest2 InsertAfterRemoveTest0 InsertTest5 SizeTest0 SizeTest1 SizeTest2 SizeTest3 , ,ContainsTest0- ContainsTest1- EmptyTest1 HeightTest- InsertAfterRemoveTest1- InsertAfterRemoveTest2- InsertTest0- InsertTest1- InsertTest2- InsertTest3- InsertTest4- RemoveTest0- RemoveTest1- RemoveTest2 RemoveTest3 RemoveTest4 RemoveTest5 RemoveTest6 RemoveTest7- , ,
69,Mon Mar 26 11:39:15 EDT 2018,87,49,Assignment4Suite,ContainsTest0+ ContainsTest1+ ContainsTest2 EmptyTest0 EmptyTest2 FindMinMaxTest0 FindMinMaxTest1 FindMinMaxTest2 HeightTest+ InsertAfterRemoveTest0 InsertAfterRemoveTest1+ InsertAfterRemoveTest2+ InsertTest0+ InsertTest1+ InsertTest2+ InsertTest3+ InsertTest4+ InsertTest5 RemoveTest0+ RemoveTest1+ RemoveTest2+ RemoveTest4+ RemoveTest7+ SizeTest0 SizeTest1 SizeTest2 SizeTest3 , ,EmptyTest1 RemoveTest3 RemoveTest5 RemoveTest6 , ,
70,Mon Mar 26 11:40:42 EDT 2018,45,-42,Assignment4Suite,ContainsTest0 ContainsTest2 EmptyTest0 EmptyTest1+ EmptyTest2 FindMinMaxTest0 FindMinMaxTest1 FindMinMaxTest2 InsertAfterRemoveTest0 InsertTest5 SizeTest0 SizeTest1 SizeTest2 SizeTest3 , ,ContainsTest1- HeightTest- InsertAfterRemoveTest1- InsertAfterRemoveTest2- InsertTest0- InsertTest1- InsertTest2- InsertTest3- InsertTest4- RemoveTest0- RemoveTest1- RemoveTest2- RemoveTest3 RemoveTest4- RemoveTest5 RemoveTest6 RemoveTest7- , ,
71,Mon Mar 26 11:43:18 EDT 2018,87,42,Assignment4Suite,ContainsTest0 ContainsTest1+ ContainsTest2 EmptyTest0 EmptyTest2 FindMinMaxTest0 FindMinMaxTest1 FindMinMaxTest2 HeightTest+ InsertAfterRemoveTest0 InsertAfterRemoveTest1+ InsertAfterRemoveTest2+ InsertTest0+ InsertTest1+ InsertTest2+ InsertTest3+ InsertTest4+ InsertTest5 RemoveTest0+ RemoveTest1+ RemoveTest2+ RemoveTest4+ RemoveTest7+ SizeTest0 SizeTest1 SizeTest2 SizeTest3 , ,EmptyTest1- RemoveTest3 RemoveTest5 RemoveTest6 , ,
72,Mon Mar 26 11:44:49 EDT 2018,38,-49,Assignment4Suite,ContainsTest2 EmptyTest0 EmptyTest2 FindMinMaxTest0 FindMinMaxTest1 FindMinMaxTest2 InsertAfterRemoveTest0 InsertTest5 SizeTest0 SizeTest1 SizeTest2 SizeTest3 , ,ContainsTest0- ContainsTest1- EmptyTest1 HeightTest- InsertAfterRemoveTest1- InsertAfterRemoveTest2- InsertTest0- InsertTest1- InsertTest2- InsertTest3- InsertTest4- RemoveTest0- RemoveTest1- RemoveTest2- RemoveTest3 RemoveTest4- RemoveTest5 RemoveTest6 RemoveTest7- , ,
73,Mon Mar 26 11:45:21 EDT 2018,80,42,Assignment4Suite,ContainsTest0+ ContainsTest1+ ContainsTest2 EmptyTest0 EmptyTest2 FindMinMaxTest0 FindMinMaxTest1 FindMinMaxTest2 HeightTest+ InsertAfterRemoveTest0 InsertAfterRemoveTest1+ InsertAfterRemoveTest2+ InsertTest0+ InsertTest1+ InsertTest2+ InsertTest3+ InsertTest4+ InsertTest5 RemoveTest0+ RemoveTest1+ RemoveTest7+ SizeTest0 SizeTest1 SizeTest2 SizeTest3 , ,EmptyTest1 RemoveTest2 RemoveTest3 RemoveTest4 RemoveTest5 RemoveTest6 , ,
74,Mon Mar 26 12:24:52 EDT 2018,41,-39,Assignment4Suite,ContainsTest2 EmptyTest0 EmptyTest1+ EmptyTest2 FindMinMaxTest0 FindMinMaxTest1 FindMinMaxTest2 InsertAfterRemoveTest0 InsertTest5 SizeTest0 SizeTest1 SizeTest2 SizeTest3 , ,ContainsTest0- ContainsTest1- HeightTest- InsertAfterRemoveTest1- InsertAfterRemoveTest2- InsertTest0- InsertTest1- InsertTest2- InsertTest3- InsertTest4- RemoveTest0- RemoveTest1- RemoveTest2 RemoveTest3 RemoveTest4 RemoveTest5 RemoveTest6 RemoveTest7- , ,
75,Mon Mar 26 12:29:00 EDT 2018,45,4,Assignment4Suite,ContainsTest0+ ContainsTest2 EmptyTest0 EmptyTest1 EmptyTest2 FindMinMaxTest0 FindMinMaxTest1 FindMinMaxTest2 InsertAfterRemoveTest0 InsertTest5 SizeTest0 SizeTest1 SizeTest2 SizeTest3 , ,ContainsTest1 HeightTest InsertAfterRemoveTest1 InsertAfterRemoveTest2 InsertTest0 InsertTest1 InsertTest2 InsertTest3 InsertTest4 RemoveTest0 RemoveTest1 RemoveTest2 RemoveTest3 RemoveTest4 RemoveTest5 RemoveTest6 RemoveTest7 , ,
76,Mon Mar 26 12:29:12 EDT 2018,80,35,Assignment4Suite,ContainsTest0 ContainsTest1+ ContainsTest2 EmptyTest0 EmptyTest2 FindMinMaxTest0 FindMinMaxTest1 FindMinMaxTest2 HeightTest+ InsertAfterRemoveTest0 InsertAfterRemoveTest1+ InsertAfterRemoveTest2+ InsertTest0+ InsertTest1+ InsertTest2+ InsertTest3+ InsertTest4+ InsertTest5 RemoveTest0+ RemoveTest1+ RemoveTest7+ SizeTest0 SizeTest1 SizeTest2 SizeTest3 , ,EmptyTest1- RemoveTest2 RemoveTest3 RemoveTest4 RemoveTest5 RemoveTest6 , ,
77,Mon Mar 26 13:31:41 EDT 2018,77,-3,Assignment4Suite,ContainsTest0 ContainsTest2 EmptyTest0 EmptyTest2 FindMinMaxTest0 FindMinMaxTest1 FindMinMaxTest2 HeightTest InsertAfterRemoveTest0 InsertAfterRemoveTest1 InsertAfterRemoveTest2 InsertTest0 InsertTest1 InsertTest2 InsertTest3 InsertTest4 InsertTest5 RemoveTest0 RemoveTest1 RemoveTest7 SizeTest0 SizeTest1 SizeTest2 SizeTest3 , ,ContainsTest1- EmptyTest1 RemoveTest2 RemoveTest3 RemoveTest4 RemoveTest5 RemoveTest6 , ,
78,Mon Mar 26 13:33:49 EDT 2018,77,0,Assignment4Suite,ContainsTest0 ContainsTest2 EmptyTest0 EmptyTest2 FindMinMaxTest0 FindMinMaxTest1 FindMinMaxTest2 HeightTest InsertAfterRemoveTest0 InsertAfterRemoveTest1 InsertAfterRemoveTest2 InsertTest0 InsertTest1 InsertTest2 InsertTest3 InsertTest4 InsertTest5 RemoveTest0 RemoveTest1 RemoveTest7 SizeTest0 SizeTest1 SizeTest2 SizeTest3 , ,ContainsTest1 EmptyTest1 RemoveTest2 RemoveTest3 RemoveTest4 RemoveTest5 RemoveTest6 , ,
79,Mon Mar 26 14:16:22 EDT 2018,100,23,Assignment4Suite,ContainsTest0 ContainsTest1+ ContainsTest2 EmptyTest0 EmptyTest1+ EmptyTest2 FindMinMaxTest0 FindMinMaxTest1 FindMinMaxTest2 HeightTest InsertAfterRemoveTest0 InsertAfterRemoveTest1 InsertAfterRemoveTest2 InsertTest0 InsertTest1 InsertTest2 InsertTest3 InsertTest4 InsertTest5 RemoveTest0 RemoveTest1 RemoveTest2+ RemoveTest3+ RemoveTest4+ RemoveTest5+ RemoveTest6+ RemoveTest7 SizeTest0 SizeTest1 SizeTest2 SizeTest3 , , , ,
80,Mon Mar 26 17:21:44 EDT 2018,100,0,Assignment4Suite,ContainsTest0 ContainsTest1 ContainsTest2 EmptyTest0 EmptyTest1 EmptyTest2 FindMinMaxTest0 FindMinMaxTest1 FindMinMaxTest2 HeightTest InsertAfterRemoveTest0 InsertAfterRemoveTest1 InsertAfterRemoveTest2 InsertTest0 InsertTest1 InsertTest2 InsertTest3 InsertTest4 InsertTest5 RemoveTest0 RemoveTest1 RemoveTest2 RemoveTest3 RemoveTest4 RemoveTest5 RemoveTest6 RemoveTest7 SizeTest0 SizeTest1 SizeTest2 SizeTest3 , , , ,
81,Mon Mar 26 18:58:25 EDT 2018,100,0,Assignment4Suite,ContainsTest0 ContainsTest1 ContainsTest2 EmptyTest0 EmptyTest1 EmptyTest2 FindMinMaxTest0 FindMinMaxTest1 FindMinMaxTest2 HeightTest InsertAfterRemoveTest0 InsertAfterRemoveTest1 InsertAfterRemoveTest2 InsertTest0 InsertTest1 InsertTest2 InsertTest3 InsertTest4 InsertTest5 RemoveTest0 RemoveTest1 RemoveTest2 RemoveTest3 RemoveTest4 RemoveTest5 RemoveTest6 RemoveTest7 SizeTest0 SizeTest1 SizeTest2 SizeTest3 , , , ,
82,Mon Mar 26 19:04:53 EDT 2018,100,0,Assignment4Suite,ContainsTest0 ContainsTest1 ContainsTest2 EmptyTest0 EmptyTest1 EmptyTest2 FindMinMaxTest0 FindMinMaxTest1 FindMinMaxTest2 HeightTest InsertAfterRemoveTest0 InsertAfterRemoveTest1 InsertAfterRemoveTest2 InsertTest0 InsertTest1 InsertTest2 InsertTest3 InsertTest4 InsertTest5 RemoveTest0 RemoveTest1 RemoveTest2 RemoveTest3 RemoveTest4 RemoveTest5 RemoveTest6 RemoveTest7 SizeTest0 SizeTest1 SizeTest2 SizeTest3 , , , ,
83,Mon Mar 26 19:08:30 EDT 2018,100,0,Assignment4Suite,ContainsTest0 ContainsTest1 ContainsTest2 EmptyTest0 EmptyTest1 EmptyTest2 FindMinMaxTest0 FindMinMaxTest1 FindMinMaxTest2 HeightTest InsertAfterRemoveTest0 InsertAfterRemoveTest1 InsertAfterRemoveTest2 InsertTest0 InsertTest1 InsertTest2 InsertTest3 InsertTest4 InsertTest5 RemoveTest0 RemoveTest1 RemoveTest2 RemoveTest3 RemoveTest4 RemoveTest5 RemoveTest6 RemoveTest7 SizeTest0 SizeTest1 SizeTest2 SizeTest3 , , , ,
84,Mon Mar 26 19:10:27 EDT 2018,100,0,Assignment4Suite,ContainsTest0 ContainsTest1 ContainsTest2 EmptyTest0 EmptyTest1 EmptyTest2 FindMinMaxTest0 FindMinMaxTest1 FindMinMaxTest2 HeightTest InsertAfterRemoveTest0 InsertAfterRemoveTest1 InsertAfterRemoveTest2 InsertTest0 InsertTest1 InsertTest2 InsertTest3 InsertTest4 InsertTest5 RemoveTest0 RemoveTest1 RemoveTest2 RemoveTest3 RemoveTest4 RemoveTest5 RemoveTest6 RemoveTest7 SizeTest0 SizeTest1 SizeTest2 SizeTest3 , , , ,
85,Mon Mar 26 19:19:48 EDT 2018,100,0,Assignment4Suite,ContainsTest0 ContainsTest1 ContainsTest2 EmptyTest0 EmptyTest1 EmptyTest2 FindMinMaxTest0 FindMinMaxTest1 FindMinMaxTest2 HeightTest InsertAfterRemoveTest0 InsertAfterRemoveTest1 InsertAfterRemoveTest2 InsertTest0 InsertTest1 InsertTest2 InsertTest3 InsertTest4 InsertTest5 RemoveTest0 RemoveTest1 RemoveTest2 RemoveTest3 RemoveTest4 RemoveTest5 RemoveTest6 RemoveTest7 SizeTest0 SizeTest1 SizeTest2 SizeTest3 , , , ,
86,Mon Mar 26 19:22:12 EDT 2018,100,0,Assignment4Suite,ContainsTest0 ContainsTest1 ContainsTest2 EmptyTest0 EmptyTest1 EmptyTest2 FindMinMaxTest0 FindMinMaxTest1 FindMinMaxTest2 HeightTest InsertAfterRemoveTest0 InsertAfterRemoveTest1 InsertAfterRemoveTest2 InsertTest0 InsertTest1 InsertTest2 InsertTest3 InsertTest4 InsertTest5 RemoveTest0 RemoveTest1 RemoveTest2 RemoveTest3 RemoveTest4 RemoveTest5 RemoveTest6 RemoveTest7 SizeTest0 SizeTest1 SizeTest2 SizeTest3 , , , ,
